Date,Name,Year,Letterboxd URI,Rating,Language,Genres
6/30/2022,Knives Out,2019,https://boxd.it/jWEA,3,English,"Mystery, Comedy, Crime"
6/30/2022,The Batman,2022,https://boxd.it/eDGs,2,English,"Crime, Mystery, Thriller"
6/30/2022,Inception,2010,https://boxd.it/1skk,4,English,"Action, Adventure, Science Fiction"
6/30/2022,Spider-Man: No Way Home,2021,https://boxd.it/nwRw,5,English,"Action, Adventure, Science Fiction"
6/30/2022,Dune,2021,https://boxd.it/fA7G,1,English,"Science Fiction, Adventure"
6/30/2022,Avengers: Infinity War,2018,https://boxd.it/9vEe,5,English,"Action, Science Fiction, Adventure"
6/30/2022,Black Panther,2018,https://boxd.it/8MHs,4,English,"Adventure, Science Fiction, Action"
6/30/2022,The Social Network,2010,https://boxd.it/17ue,2,English,Drama
6/30/2022,Forrest Gump,1994,https://boxd.it/728,4,English,"Drama, Comedy, Romance"
6/30/2022,Don't Look Up,2021,https://boxd.it/o0Hc,3,English,"Science Fiction, Comedy, Drama"
6/30/2022,Spider-Man: Homecoming,2017,https://boxd.it/aboM,5,English,"Action, Drama, Adventure, Science Fiction"
6/30/2022,Thor: Ragnarok,2017,https://boxd.it/8MHi,5,English,"Adventure, Action, Science Fiction"
6/30/2022,Everything Everywhere All at Once,2022,https://boxd.it/jUk4,1,English,"Science Fiction, Action, Adventure"
6/30/2022,Soul,2020,https://boxd.it/ioLA,4,English,"Family, Drama, Animation, Comedy, Fantasy"
6/30/2022,Coco,2017,https://boxd.it/bYJQ,5,English,"Adventure, Animation, Comedy, Fantasy, Music, Family"
6/30/2022,Spider-Man: Far from Home,2019,https://boxd.it/fegG,4,English,"Adventure, Science Fiction, Action"
6/30/2022,The Avengers,2012,https://boxd.it/1xFW,4,English,"Science Fiction, Adventure, Action"
6/30/2022,Deadpool,2016,https://boxd.it/9fOC,3,English,"Action, Comedy, Adventure"
6/30/2022,Inside Out,2015,https://boxd.it/4KHC,5,English,"Animation, Adventure, Comedy, Family, Drama"
6/30/2022,Ratatouille,2007,https://boxd.it/27ww,4,English,"Animation, Family, Comedy, Fantasy"
6/30/2022,Back to the Future,1985,https://boxd.it/2b8e,4,English,"Comedy, Science Fiction, Adventure"
6/30/2022,Doctor Strange,2016,https://boxd.it/8MH8,3,English,"Action, Adventure, Fantasy"
6/30/2022,Captain America: Civil War,2016,https://boxd.it/89Ja,4,English,"Action, Science Fiction, Adventure"
6/30/2022,Up,2009,https://boxd.it/1OEc,3,English,"Animation, Adventure, Family, Comedy"
6/30/2022,WALL·E,2008,https://boxd.it/1VEo,4,English,"Animation, Science Fiction, Family"
6/30/2022,Captain America: The Winter Soldier,2014,https://boxd.it/3r58,5,English,"Adventure, Science Fiction, Action"
6/30/2022,Spider-Man,2002,https://boxd.it/2a8i,3,English,"Action, Fantasy"
6/30/2022,Shang-Chi and the Legend of the Ten Rings,2021,https://boxd.it/kLDI,5,English,"Adventure, Fantasy, Action"
6/30/2022,Avengers: Age of Ultron,2015,https://boxd.it/3qi6,4,English,"Action, Adventure, Science Fiction"
6/30/2022,Logan,2017,https://boxd.it/7Piy,3,English,"Drama, Science Fiction, Action"
6/30/2022,Encanto,2021,https://boxd.it/kPRu,3,English,"Animation, Comedy, Family, Fantasy"
6/30/2022,Ant-Man,2015,https://boxd.it/3vmW,3,English,"Adventure, Science Fiction, Action"
6/30/2022,Catch Me If You Can,2002,https://boxd.it/29VS,4,English,"Drama, Crime"
6/30/2022,Luca,2021,https://boxd.it/ipjC,5,English,"Adventure, Family, Fantasy, Comedy, Animation"
6/30/2022,Iron Man 3,2013,https://boxd.it/2cBQ,4,English,"Action, Adventure, Science Fiction"
6/30/2022,Deadpool 2,2018,https://boxd.it/dlLM,4,English,"Action, Comedy, Adventure"
6/30/2022,Thor,2011,https://boxd.it/1WQU,1,English,"Fantasy, Action, Adventure"
6/30/2022,Home Alone,1990,https://boxd.it/29Fg,3,English,"Family, Comedy"
6/30/2022,Turning Red,2022,https://boxd.it/ipkq,3,English,"Family, Comedy, Fantasy, Animation"
6/30/2022,Iron Man 2,2010,https://boxd.it/1WZM,1,English,"Adventure, Science Fiction, Action"
6/30/2022,Zootopia,2016,https://boxd.it/84xS,4,English,"Animation, Comedy, Family, Adventure"
6/30/2022,Ant-Man and the Wasp,2018,https://boxd.it/cqUW,4,English,"Adventure, Action, Science Fiction"
6/30/2022,Toy Story 4,2019,https://boxd.it/9ALu,3,English,"Adventure, Comedy, Fantasy, Animation, Family"
6/30/2022,The Fallout,2021,https://boxd.it/tViI,2,English,Drama
6/30/2022,Sonic the Hedgehog 2,2022,https://boxd.it/pb8O,1.5,English,"Action, Adventure, Family, Comedy"
6/30/2022,Stand Up Rahul,2022,https://boxd.it/yZRC,3,Telugu,"Romance, Comedy"
6/30/2022,Last Night in Soho,2021,https://boxd.it/lbJC,3.5,English,"Thriller, Mystery, Horror"
6/30/2022,Death on the Nile,2022,https://boxd.it/ifpg,2.5,English,"Crime, Thriller, Mystery"
6/30/2022,The Bubble,2022,https://boxd.it/sKAa,1,English,Comedy
6/30/2022,Radhe Shyam,2022,https://boxd.it/p63u,4,Telugu,"Drama, Romance"
6/30/2022,Venom,2018,https://boxd.it/b8wA,3,English,"Science Fiction, Action"
6/30/2022,Doctor Strange in the Multiverse of Madness,2022,https://boxd.it/gaTc,4,English,"Fantasy, Adventure, Action"
6/30/2022,The Amazing Spider-Man,2012,https://boxd.it/27PI,2.5,English,"Fantasy, Adventure, Action"
6/30/2022,The Half of It,2020,https://boxd.it/m0T4,3.5,English,"Romance, Comedy, Drama"
6/30/2022,Uncharted,2022,https://boxd.it/b5Dy,3.5,English,"Action, Adventure"
6/30/2022,Sarkaru Vaari Paata,2022,https://boxd.it/tvx8,4.5,Telugu,"Drama, Action"
6/30/2022,DJ Tillu,2022,https://boxd.it/zkBU,3.5,Telugu,"Romance, Comedy, Thriller"
6/30/2022,Jana Gana Mana,2022,https://boxd.it/tOpC,1.5,Malayalam,"Crime, Thriller, Drama"
6/30/2022,Moon Knight,2022,https://boxd.it/zeDq,4.5,English,Mystery
6/30/2022,Ms. Marvel,2022,https://boxd.it/ANCY,4.5,English,Comedy
6/30/2022,Captain America: The First Avenger,2011,https://boxd.it/28b0,3.5,English,"Science Fiction, Action, Adventure"
6/30/2022,Captain Marvel,2019,https://boxd.it/9vSA,1.5,English,"Science Fiction, Action, Adventure"
6/30/2022,Iron Man,2008,https://boxd.it/28dA,3,English,"Adventure, Science Fiction, Action"
6/30/2022,The Incredible Hulk,2008,https://boxd.it/28dU,1,English,"Science Fiction, Action, Adventure"
6/30/2022,Thor: The Dark World,2013,https://boxd.it/2DqA,2,English,"Action, Adventure, Fantasy"
6/30/2022,Guardians of the Galaxy,2014,https://boxd.it/3VH2,3.5,English,"Adventure, Action, Science Fiction"
6/30/2022,Guardians of the Galaxy Vol. 2,2017,https://boxd.it/8MxC,3,English,"Action, Science Fiction, Adventure"
6/30/2022,Avengers: Endgame,2019,https://boxd.it/9vE4,4,English,"Science Fiction, Action, Adventure"
6/30/2022,WandaVision,2021,https://boxd.it/sbGW,3.5,English,"Mystery, Drama"
6/30/2022,The Falcon and the Winter Soldier,2021,https://boxd.it/sbH6,3,English,Drama
6/30/2022,Loki,2021,https://boxd.it/sbHg,1,English,Drama
6/30/2022,Hawkeye,2021,https://boxd.it/xQqK,3.5,English,"Drama, Comedy"
6/30/2022,The Adam Project,2022,https://boxd.it/q2Dg,3,English,"Adventure, Science Fiction"
6/30/2022,The Lost City,2022,https://boxd.it/sg0Q,0.5,English,"Adventure, Action, Comedy"
6/30/2022,Moonshot,2022,https://boxd.it/sQRG,4,English,"Romance, Science Fiction, Comedy"
6/30/2022,Along for the Ride,2022,https://boxd.it/tfIO,3,English,"Romance, Drama"
6/30/2022,Cheaper by the Dozen,2022,https://boxd.it/pQeI,3.5,English,"Comedy, Family"
6/30/2022,Bheemla Nayak,2022,https://boxd.it/uzR4,3.5,Telugu,"Thriller, Action, Drama"
6/30/2022,Marvel Studios Assembled: The Making of Moon Knight,2022,https://boxd.it/Arg2,5,English,Documentary
6/30/2022,Acharya,2022,https://boxd.it/pmN4,0.5,Telugu,"Action, Drama"
6/30/2022,Cruella,2021,https://boxd.it/bbKg,4,English,"Comedy, Crime"
6/30/2022,Free Guy,2021,https://boxd.it/k8dm,5,English,"Adventure, Science Fiction, Comedy"
6/30/2022,Raya and the Last Dragon,2021,https://boxd.it/jbkI,3.5,English,"Family, Action, Animation, Fantasy, Adventure"
6/30/2022,In the Heights,2021,https://boxd.it/gLhu,3.5,English,"Romance, Drama"
6/30/2022,All Too Well: The Short Film,2021,https://boxd.it/xTmc,4,English,"Music, Drama"
6/30/2022,Red Notice,2021,https://boxd.it/ixtq,3,English,"Comedy, Action, Crime"
6/30/2022,Jungle Cruise,2021,https://boxd.it/g4YK,1.5,English,"Adventure, Fantasy, Action"
6/30/2022,Moxie,2021,https://boxd.it/lsQK,4.5,English,"Comedy, Drama, Music"
6/30/2022,Sing 2,2021,https://boxd.it/fAnE,3,English,"Family, Animation, Music, Comedy"
6/30/2022,Cherry,2021,https://boxd.it/jRhm,3.5,English,"Crime, Drama"
6/30/2022,The Kissing Booth 3,2021,https://boxd.it/rhOA,0.5,English,"Romance, Comedy"
6/30/2022,Ron's Gone Wrong,2021,https://boxd.it/hlj2,3,English,"Science Fiction, Comedy, Family, Animation"
6/30/2022,Ciao Alberto,2021,https://boxd.it/x4F8,4,English,"Fantasy, Family, Comedy, Animation"
6/30/2022,Peter Rabbit 2: The Runaway,2021,https://boxd.it/iYcQ,4,English,"Fantasy, Family, Adventure, Animation, Comedy"
6/30/2022,Drishyam 2,2021,https://boxd.it/qsak,2,Malayalam,"Crime, Drama, Thriller"
6/30/2022,Onward,2020,https://boxd.it/io92,3.5,English,"Comedy, Family, Fantasy, Adventure, Animation"
6/30/2022,Enola Holmes,2020,https://boxd.it/hX2o,4,English,"Mystery, Crime, Adventure"
6/30/2022,Sonic the Hedgehog,2020,https://boxd.it/gdK8,3.5,English,"Science Fiction, Action, Comedy, Family"
6/30/2022,Extraction,2020,https://boxd.it/jUjA,3.5,English,"Thriller, Action"
6/30/2022,Hubie Halloween,2020,https://boxd.it/mQwm,1.5,English,"Horror, Mystery, Comedy"
6/30/2022,The Kissing Booth 2,2020,https://boxd.it/lrky,0.5,English,"Comedy, Romance"
6/30/2022,Shazam!,2019,https://boxd.it/8WBu,4,English,"Action, Comedy, Fantasy"
6/30/2022,Frozen II,2019,https://boxd.it/aPvo,1.5,English,"Comedy, Family, Animation, Adventure, Fantasy"
6/30/2022,Pokémon Detective Pikachu,2019,https://boxd.it/fVA0,4,English,"Action, Fantasy, Adventure"
6/30/2022,Aladdin,2019,https://boxd.it/eSjy,3.5,English,"Fantasy, Family, Romance, Adventure"
6/30/2022,Dark Phoenix,2019,https://boxd.it/anyO,1.5,English,"Action, Science Fiction, Adventure, Fantasy"
6/30/2022,The Last Summer,2019,https://boxd.it/i8Sg,2.5,English,"Romance, Comedy"
6/30/2022,Ek Ladki Ko Dekha Toh Aisa Laga,2019,https://boxd.it/jp1g,3.5,Hindi,"Romance, Drama"
6/30/2022,"Love, Simon",2018,https://boxd.it/g02s,3.5,English,"Romance, Comedy, Drama"
6/30/2022,The Kissing Booth,2018,https://boxd.it/geR0,0.5,English,"Romance, Comedy"
6/30/2022,Instant Family,2018,https://boxd.it/hHpQ,3,English,"Drama, Comedy"
6/30/2022,Night School,2018,https://boxd.it/gcyU,2,English,Comedy
6/30/2022,Bāhubali 2: The Conclusion,2017,https://boxd.it/bMfO,4,Telugu,"Action, Fantasy, Adventure"
6/30/2022,Bāhubali: The Beginning,2015,https://boxd.it/7y2y,2.5,Telugu,"Adventure, Drama, Action"
6/30/2022,Eega,2012,https://boxd.it/4HhQ,3,Telugu,"Fantasy, Action, Comedy"
6/30/2022,Pokiri,2006,https://boxd.it/1ziK,3.5,Telugu,"Thriller, Action, Crime"
6/30/2022,Seethamma Vakitlo Sirimalle Chettu,2013,https://boxd.it/5PiO,2,Telugu,"Family, Drama"
6/30/2022,Athadu,2005,https://boxd.it/18T0,4.5,Telugu,"Action, Thriller"
6/30/2022,Bharat Ane Nenu,2018,https://boxd.it/i7KA,4,Telugu,"Drama, Action"
6/30/2022,1: Nenokkadine,2014,https://boxd.it/7jOs,3.5,Telugu,"Thriller, Action, Romance"
6/30/2022,Awe!,2018,https://boxd.it/i4l8,3,Telugu,"Romance, Action, Drama"
6/30/2022,Ala Vaikunthapurramuloo,2020,https://boxd.it/ngUk,5,Telugu,"Action, Drama, Comedy"
6/30/2022,Rangasthalam,2018,https://boxd.it/gu8K,4.5,Telugu,"Drama, Action"
6/30/2022,Shyam Singha Roy,2021,https://boxd.it/u62G,2,Telugu,"Romance, Drama"
6/30/2022,Jersey,2019,https://boxd.it/lQjU,4,Telugu,Drama
6/30/2022,Mirchi,2013,https://boxd.it/5pUW,1.5,Telugu,"Drama, Action"
6/30/2022,Businessman,2012,https://boxd.it/2WYm,3,Telugu,"Crime, Action"
6/30/2022,Dookudu,2011,https://boxd.it/2N9E,2,Telugu,"Comedy, Action, Drama"
6/30/2022,Darling,2010,https://boxd.it/8TM,4,Telugu,"Drama, Romance"
6/30/2022,Gaganam,2011,https://boxd.it/hkw,3.5,Telugu,"Drama, Thriller, Action"
6/30/2022,Billa,2009,https://boxd.it/1yOA,3,Telugu,"Thriller, Action"
6/30/2022,Mahanati,2018,https://boxd.it/grck,4.5,Telugu,Drama
6/30/2022,Agent Sai Srinivasa Athreya,2019,https://boxd.it/mygg,3.5,Telugu,"Crime, Mystery, Comedy"
6/30/2022,Magadheera,2009,https://boxd.it/1yMa,2.5,Telugu,Action
6/30/2022,Geetha Govindam,2018,https://boxd.it/jHkg,4.5,Telugu,Romance
6/30/2022,Manam,2014,https://boxd.it/7rrw,4.5,Telugu,"Comedy, Family, Fantasy, Drama"
6/30/2022,Dhruva,2016,https://boxd.it/etYQ,4,Telugu,"Thriller, Crime, Action"
6/30/2022,Saaho,2019,https://boxd.it/gdaa,2,Telugu,"Adventure, Action, Thriller"
6/30/2022,Jathi Ratnalu,2021,https://boxd.it/tXxq,0.5,Telugu,"Comedy, Drama"
6/30/2022,Spyder,2017,https://boxd.it/g8vW,2.5,Tamil,"Action, Thriller"
6/30/2022,Maryada Ramanna,2010,https://boxd.it/tuI,3,Telugu,"Action, Drama, Comedy"
6/30/2022,Maharshi,2019,https://boxd.it/jKog,3.5,Telugu,"Drama, Action"
6/30/2022,Evaru,2019,https://boxd.it/mq76,3.5,Telugu,"Thriller, Crime"
6/30/2022,Oh! Baby,2019,https://boxd.it/mpKG,4,Telugu,"Fantasy, Comedy, Drama"
6/30/2022,Oopiri,2016,https://boxd.it/cPiy,3.5,Telugu,"Family, Romance, Drama"
6/30/2022,Son of Satyamurthy,2015,https://boxd.it/b0uw,3.5,Telugu,"Drama, Action"
6/30/2022,Most Eligible Bachelor,2021,https://boxd.it/qOVW,3.5,Telugu,Romance
6/30/2022,Fidaa,2017,https://boxd.it/gKvK,3,Telugu,"Comedy, Drama, Romance"
6/30/2022,Vakeel Saab,2021,https://boxd.it/p7Ka,3,Telugu,"Thriller, Drama, Action, Crime"
6/30/2022,Race Gurram,2014,https://boxd.it/7N6A,3.5,Telugu,"Comedy, Action"
6/30/2022,Aravinda Sametha Veera Raghava,2018,https://boxd.it/jsaU,4.5,Telugu,"Drama, Action"
6/30/2022,Bheeshma,2020,https://boxd.it/p8Qy,4.5,Telugu,"Romance, Action, Comedy"
6/30/2022,Aarya 2,2009,https://boxd.it/1djG,3,Telugu,"Action, Comedy"
6/30/2022,Janatha Garage,2016,https://boxd.it/ehpu,3.5,Telugu,"Action, Drama"
6/30/2022,Srimanthudu,2015,https://boxd.it/bTA0,3,Telugu,"Action, Drama"
6/30/2022,Colour Photo,2020,https://boxd.it/pN4q,4,Telugu,"Romance, Drama"
6/30/2022,World Famous Lover,2020,https://boxd.it/oxik,2,Telugu,"Romance, Drama"
6/30/2022,Yevadu,2014,https://boxd.it/6prM,3,Telugu,"Thriller, Action"
6/30/2022,DJ: Duvvada Jagannadham,2017,https://boxd.it/fMIu,1,Telugu,"Action, Crime, Comedy"
6/30/2022,Khaleja,2010,https://boxd.it/nKK,1.5,Telugu,Action
6/30/2022,Aarya,2004,https://boxd.it/2Pgi,3,Telugu,"Drama, Romance, Action"
6/30/2022,Julayi,2012,https://boxd.it/48eC,3.5,Telugu,"Action, Crime, Comedy"
6/30/2022,Nannaku Prematho...,2016,https://boxd.it/cDnG,3,Telugu,Action
6/30/2022,Sarrainodu,2016,https://boxd.it/d1BC,3.5,Telugu,"Drama, Action"
6/30/2022,Atharintiki Daaredi,2013,https://boxd.it/6Dmw,4,Telugu,"Comedy, Drama, Action"
6/30/2022,F2: Fun and Frustration,2019,https://boxd.it/kMEi,1.5,Telugu,Comedy
6/30/2022,Temper,2015,https://boxd.it/aC9a,4.5,Telugu,"Crime, Drama, Action"
6/30/2022,Nota,2018,https://boxd.it/iyfY,3,Tamil,Drama
6/30/2022,Clueless,1995,https://boxd.it/1Ygk,2.5,English,"Comedy, Romance"
6/30/2022,Big Hero 6,2014,https://boxd.it/5rje,4,English,"Animation, Comedy, Action, Family, Adventure"
6/30/2022,Tangled,2010,https://boxd.it/15gO,4,English,"Family, Animation"
6/30/2022,Frozen,2013,https://boxd.it/3GNa,4,English,"Fantasy, Animation, Adventure, Family"
6/30/2022,The Amazing Spider-Man 2,2014,https://boxd.it/3utM,3,English,"Action, Adventure, Fantasy"
6/30/2022,The Lego Movie,2014,https://boxd.it/4pDO,3.5,English,"Family, Animation, Adventure, Fantasy, Comedy"
6/30/2022,X-Men: Days of Future Past,2014,https://boxd.it/4aRw,3,English,"Adventure, Action, Science Fiction"
6/30/2022,Fresh,2022,https://boxd.it/tCNi,4.5,English,"Horror, Thriller, Drama"
6/30/2022,Wreck-It Ralph,2012,https://boxd.it/2TTS,3,English,"Adventure, Comedy, Family, Animation"
6/30/2022,The Greatest Showman,2017,https://boxd.it/acjI,3.5,English,Drama
6/30/2022,Brave,2012,https://boxd.it/bVG,3.5,English,"Comedy, Animation, Family, Fantasy, Adventure, Action"
6/30/2022,Now You See Me,2013,https://boxd.it/2Bsu,2,English,"Thriller, Crime"
6/30/2022,X-Men: First Class,2011,https://boxd.it/FOA,3,English,"Adventure, Action, Science Fiction"
6/30/2022,Pitch Perfect,2012,https://boxd.it/3OsE,4,English,"Music, Comedy, Romance"
6/30/2022,Paddington,2014,https://boxd.it/3RKw,4,English,"Family, Adventure, Comedy"
6/30/2022,Beauty and the Beast,2017,https://boxd.it/ar0c,4,English,"Romance, Fantasy, Family"
6/30/2022,X-Men: Apocalypse,2016,https://boxd.it/7eJi,2,English,"Science Fiction, Adventure, Action, Fantasy"
6/30/2022,X-Men,2000,https://boxd.it/1a7s,1.5,English,"Science Fiction, Action, Adventure"
6/30/2022,Home Alone 2: Lost in New York,1992,https://boxd.it/29F6,2,English,"Comedy, Family, Adventure"
6/30/2022,Murder on the Orient Express,2017,https://boxd.it/dHjA,3,English,"Crime, Mystery, Drama"
6/30/2022,The Pursuit of Happyness,2006,https://boxd.it/28PE,3.5,English,Drama
6/30/2022,The Parent Trap,1998,https://boxd.it/1XJq,4,English,"Family, Comedy"
6/30/2022,X2,2003,https://boxd.it/1a7i,1,English,"Action, Adventure, Science Fiction"
7/3/2022,Pelli SandaD,2021,https://boxd.it/xpkq,1.5,Telugu,"Romance, Family, Drama"
7/6/2022,The Edge of Seventeen,2016,https://boxd.it/d5nu,3,English,"Drama, Comedy"
7/6/2022,The F**k-It List,2020,https://boxd.it/m3uc,2,English,Comedy
7/11/2022,Thor: Love and Thunder,2022,https://boxd.it/mMAY,3.5,English,"Action, Fantasy, Comedy"
7/13/2022,The Imitation Game,2014,https://boxd.it/6aig,3.5,English,"Drama, Thriller, War, History"
7/14/2022,Five Feet Apart,2019,https://boxd.it/jaAK,4,English,"Drama, Romance"
7/16/2022,"Boo, Bitch",2022,https://boxd.it/BIiG,1.5,English,Comedy
7/17/2022,Ante... Sundaraniki!,2022,https://boxd.it/vu0w,5,Telugu,"Comedy, Romance, Family"
7/17/2022,Black,2022,https://boxd.it/xCni,0.5,Telugu,"Thriller, Action"
7/18/2022,Tuck Jagadish,2021,https://boxd.it/twvs,0.5,Telugu,"Family, Drama, Action"
7/18/2022,Uppena,2021,https://boxd.it/moEM,3,Telugu,Drama
7/18/2022,Krack,2021,https://boxd.it/tv70,3,Telugu,"Drama, Crime, Action"
7/18/2022,Fantastic Four,2005,https://boxd.it/1XVw,3,English,"Science Fiction, Action, Fantasy"
7/18/2022,Fantastic Four,2015,https://boxd.it/5a9c,1,English,"Science Fiction, Adventure, Action"
7/18/2022,Fantastic Four: Rise of the Silver Surfer,2007,https://boxd.it/27Ii,2.5,English,"Action, Science Fiction, Adventure"
7/18/2022,X-Men: The Last Stand,2006,https://boxd.it/1a5Q,3.5,English,"Thriller, Science Fiction, Action, Adventure"
7/20/2022,Eternals,2021,https://boxd.it/j36o,3.5,English,"Action, Science Fiction, Adventure"
7/20/2022,Rang De,2021,https://boxd.it/tUSA,2.5,Telugu,"Romance, Comedy"
7/21/2022,Spree,2020,https://boxd.it/oiiO,2.5,English,"Horror, Comedy, Crime"
7/22/2022,Mainstream,2020,https://boxd.it/kpDc,1.5,English,"Comedy, Drama"
7/23/2022,Freaky,2020,https://boxd.it/ka42,2.5,English,"Thriller, Horror, Comedy, Fantasy"
7/24/2022,My First Summer,2020,https://boxd.it/rOjg,1,English,"Drama, Romance"
7/25/2022,The Black Phone,2021,https://boxd.it/sqFE,4.5,English,"Thriller, Horror"
7/25/2022,Major,2022,https://boxd.it/mkWM,5,Telugu,"Action, Drama, History"
7/25/2022,The Gray Man,2022,https://boxd.it/rb7q,2,English,"Thriller, Action"
7/25/2022,Plan B,2021,https://boxd.it/rUMy,2.5,English,Comedy
7/25/2022,Chip 'n Dale: Rescue Rangers,2022,https://boxd.it/eSk2,4.5,English,"Animation, Mystery, Comedy, Adventure, Family"
7/25/2022,Black Widow,2021,https://boxd.it/hWV8,3.5,English,"Science Fiction, Action, Adventure"
7/25/2022,The Boss Baby: Family Business,2021,https://boxd.it/goWY,3,English,"Adventure, Animation, Family, Comedy"
7/25/2022,The Tomorrow War,2021,https://boxd.it/lE78,3.5,English,"Adventure, Science Fiction, Action"
7/26/2022,Love Hard,2021,https://boxd.it/rxXS,4,English,"Comedy, Romance"
7/26/2022,Cha Cha Real Smooth,2022,https://boxd.it/uF8E,2.5,English,"Drama, Romance, Comedy"
7/27/2022,Lightyear,2022,https://boxd.it/qV1G,4,English,"Science Fiction, Adventure, Family, Animation, Action"
7/28/2022,Gifted,2017,https://boxd.it/e5dG,3,English,"Comedy, Drama"
7/30/2022,Honor Society,2022,https://boxd.it/z1Bw,4.5,English,Comedy
7/31/2022,Senior Year,2022,https://boxd.it/u8C2,3,English,Comedy
7/31/2022,Every Day,2018,https://boxd.it/gEhC,4.5,English,"Fantasy, Romance"
7/31/2022,Spiderhead,2022,https://boxd.it/mLsO,0.5,English,"Science Fiction, Thriller"
8/4/2022,A Fan's Guide to Ms. Marvel,2022,https://boxd.it/AZh4,5,English,Documentary
8/4/2022,Purple Hearts,2022,https://boxd.it/sFiK,3,English,"Drama, Romance"
8/5/2022,Interstellar,2014,https://boxd.it/4VZ8,3,English,"Science Fiction, Drama, Adventure"
8/5/2022,10 Things I Hate About You,1999,https://boxd.it/23AO,1.5,English,"Comedy, Romance, Drama"
8/6/2022,The Broken Hearts Gallery,2020,https://boxd.it/mNja,4.5,English,"Comedy, Romance"
8/6/2022,Wedding Season,2022,https://boxd.it/uQ9S,4,English,"Romance, Comedy"
8/7/2022,Spider-Man 2,2004,https://boxd.it/2a88,2.5,English,"Action, Fantasy, Adventure"
8/8/2022,"The Simpsons: The Good, the Bart, and the Loki",2021,https://boxd.it/vUPq,0.5,English,"Family, Animation, Comedy"
8/8/2022,Spider-Man 3,2007,https://boxd.it/2a7Y,3.5,English,"Fantasy, Adventure, Action"
8/8/2022,The Royal Treatment,2022,https://boxd.it/tIGs,3.5,English,"Romance, Comedy"
8/9/2022,Elvis,2022,https://boxd.it/mK4w,2,English,"Drama, Music"
8/9/2022,No Strings Attached,2011,https://boxd.it/YUs,2,English,"Comedy, Romance"
8/9/2022,Ferris Bueller's Day Off,1986,https://boxd.it/1YPY,2,English,Comedy
8/9/2022,Tom & Jerry,2021,https://boxd.it/lCXG,2,English,"Animation, Family, Comedy"
8/12/2022,Ready Player One,2018,https://boxd.it/aZes,2.5,English,"Science Fiction, Action, Adventure"
8/14/2022,Thank You,2022,https://boxd.it/y4wM,3.5,Telugu,"Romance, Drama"
8/15/2022,Clap,2022,https://boxd.it/mIL4,3,Tamil,Drama
8/15/2022,U Turn,2018,https://boxd.it/jvko,3.5,Tamil,"Horror, Thriller, Crime"
8/15/2022,Agnyaathavaasi,2018,https://boxd.it/hRDo,3.5,Telugu,"Action, Drama"
8/15/2022,Miss India,2020,https://boxd.it/srzs,1.5,Telugu,Drama
8/15/2022,A Aa,2016,https://boxd.it/cVkA,3.5,Telugu,"Family, Comedy, Drama, Romance"
8/15/2022,Bruce Lee - The Fighter,2015,https://boxd.it/cBgo,1.5,Telugu,"Drama, Romance, Action"
8/15/2022,Drushyam,2014,https://boxd.it/8xUQ,4,Telugu,"Crime, Drama, Thriller"
8/15/2022,iSmart Shankar,2019,https://boxd.it/muXg,4,Telugu,"Thriller, Action, Science Fiction"
8/15/2022,Hyper,2016,https://boxd.it/eOfC,1.5,Telugu,"Romance, Family, Action"
8/15/2022,Nenu..Sailaja,2016,https://boxd.it/d6EG,4,Telugu,"Comedy, Romance"
8/15/2022,Bhale Bhale Magadivoy,2015,https://boxd.it/cJD6,4,Telugu,"Comedy, Romance"
8/15/2022,Vinaya Vidheya Rama,2019,https://boxd.it/kLG8,0.5,Telugu,"Action, Drama"
8/15/2022,American Psycho,2000,https://boxd.it/28Vs,2,English,"Crime, Thriller, Horror, Drama"
8/15/2022,Mean Girls,2004,https://boxd.it/1VNg,4,English,Comedy
8/15/2022,Day Shift,2022,https://boxd.it/sn8W,3,English,"Fantasy, Comedy, Horror, Action"
8/17/2022,The Terminal,2004,https://boxd.it/2a2O,4,English,"Comedy, Drama"
8/17/2022,Easy A,2010,https://boxd.it/17DK,3.5,English,Comedy
8/17/2022,"Crazy, Stupid, Love.",2011,https://boxd.it/D9A,4.5,English,"Comedy, Romance, Drama"
8/17/2022,Z-O-M-B-I-E-S 3,2022,https://boxd.it/ut9g,2.5,English,"Family, Comedy, TV Movie, Science Fiction, Fantasy, Music"
8/17/2022,The Warriorr,2022,https://boxd.it/yYnG,2,Telugu,"Drama, Action"
8/17/2022,Not Okay,2022,https://boxd.it/vCEY,3.5,English,"Comedy, Drama"
8/17/2022,Pakka Commercial,2022,https://boxd.it/xFIy,0.5,Telugu,"Action, Comedy, Crime"
8/17/2022,Crush,2022,https://boxd.it/wuHW,4.5,English,"Romance, Comedy"
8/17/2022,Spin,2021,https://boxd.it/rzma,4,English,"Music, Family, TV Movie"
8/17/2022,Venom: Let There Be Carnage,2021,https://boxd.it/llco,4.5,English,"Adventure, Science Fiction, Action"
8/17/2022,No Time to Die,2021,https://boxd.it/cPX2,4.5,English,"Action, Adventure, Thriller"
8/18/2022,Look Both Ways,2022,https://boxd.it/ujzI,3.5,English,"Romance, Drama, Comedy"
8/18/2022,About Time,2013,https://boxd.it/43bI,3,English,"Drama, Fantasy, Romance"
8/18/2022,Beautiful Boy,2018,https://boxd.it/g76Q,1,English,Drama
8/20/2022,The Circle,2017,https://boxd.it/bj1I,3.5,English,"Science Fiction, Thriller, Drama"
8/20/2022,Last Christmas,2019,https://boxd.it/k38G,4,English,"Comedy, Romance"
8/20/2022,Me Before You,2016,https://boxd.it/9n98,1.5,English,"Romance, Drama"
8/21/2022,Kodachrome,2017,https://boxd.it/ePjK,2.5,English,"Comedy, Drama"
8/22/2022,"Love, Rosie",2014,https://boxd.it/62hE,3,English,"Drama, Romance, Comedy"
8/23/2022,Zathura: A Space Adventure,2005,https://boxd.it/21mq,3.5,English,"Adventure, Family, Science Fiction"
8/23/2022,The Emoji Movie,2017,https://boxd.it/d9x4,1,English,"Animation, Family, Comedy"
8/23/2022,Arrival,2016,https://boxd.it/aNGk,1,English,"Science Fiction, Mystery, Drama"
8/28/2022,Nope,2022,https://boxd.it/sDCe,4,English,"Mystery, Science Fiction, Horror"
8/29/2022,DC League of Super-Pets,2022,https://boxd.it/jFTI,3,English,"Comedy, Family, Science Fiction, Animation, Action"
8/29/2022,Harold & Kumar Go to White Castle,2004,https://boxd.it/1Ueu,2.5,English,"Adventure, Comedy"
9/2/2022,La La Land,2016,https://boxd.it/a5fa,2.5,English,"Drama, Comedy, Music, Romance"
9/7/2022,Wind River,2017,https://boxd.it/dR3i,1,English,"Thriller, Drama, Mystery, Crime"
9/7/2022,Baby Driver,2017,https://boxd.it/bhF2,1.5,English,"Crime, Action"
9/7/2022,Liberal Arts,2012,https://boxd.it/2Y7O,3,English,"Comedy, Romance, Drama"
9/7/2022,The Perks of Being a Wallflower,2012,https://boxd.it/2ZA8,3,English,Drama
9/11/2022,Sita Ramam,2022,https://boxd.it/xO2c,3.5,Telugu,"Romance, Drama"
9/17/2022,Do Revenge,2022,https://boxd.it/sFiA,5,English,"Thriller, Comedy"
9/18/2022,Ingrid Goes West,2017,https://boxd.it/evUQ,2.5,English,"Comedy, Drama"
9/24/2022,Bodies Bodies Bodies,2022,https://boxd.it/iRcE,3,English,"Mystery, Horror, Comedy"
9/26/2022,Iddarammayilatho,2013,https://boxd.it/5XOo,3.5,Telugu,"Action, Romance"
10/8/2022,Bao,2018,https://boxd.it/iEl4,5,English,"Family, Fantasy, Animation"
10/14/2022,She-Hulk: Attorney at Law,2022,https://boxd.it/CjLK,3,English,Comedy
10/30/2022,Swathi Muthyam,2022,https://boxd.it/y1Q0,3.5,Telugu,"Romance, Family"
11/5/2022,Enola Holmes 2,2022,https://boxd.it/vfDe,4,English,"Adventure, Mystery, Crime"
11/13/2022,The Bad Guys,2022,https://boxd.it/nkg4,4,English,"Action, Family, Adventure, Animation"
11/21/2022,Black Panther: Wakanda Forever,2022,https://boxd.it/igPu,4,English,"Adventure, Science Fiction, Action"
11/21/2022,Black Adam,2022,https://boxd.it/fup0,2,English,"Science Fiction, Adventure, Action"
11/21/2022,Dahmer – Monster: The Jeffrey Dahmer Story,2022,https://boxd.it/CRG0,3,English,"Drama, Crime"
11/22/2022,Not Another Teen Movie,2001,https://boxd.it/1TWq,2,English,Comedy
11/26/2022,The Guardians of the Galaxy Holiday Special,2022,https://boxd.it/t77K,2.5,English,"Science Fiction, Comedy, Adventure"
11/28/2022,The Swimmers,2022,https://boxd.it/uXMi,4,English,"Drama, History"
12/16/2022,Urvasivo Rakshasivo,2022,https://boxd.it/D6La,2.5,Telugu,"Romance, Comedy"
12/18/2022,Straight Up,2019,https://boxd.it/mhGQ,2.5,English,"Romance, Comedy"
12/24/2022,Glass Onion,2022,https://boxd.it/oCkK,5,English,"Comedy, Crime, Mystery"
12/24/2022,Atithi Devobhava,2022,https://boxd.it/xClm,2.5,Telugu,"Romance, Drama"
12/27/2022,Roald Dahl's Matilda the Musical,2022,https://boxd.it/oToE,4.5,English,"Fantasy, Comedy, Family"
12/29/2022,Nitham Oru Vaanam,2022,https://boxd.it/lchO,3,Tamil,"Thriller, Romance, Comedy"
12/29/2022,Kannum Kannum Kollaiyadithaal,2020,https://boxd.it/iij6,4.5,Tamil,"Drama, Romance, Comedy"
12/29/2022,Emily the Criminal,2022,https://boxd.it/wBOq,4,English,"Thriller, Crime, Drama"
1/5/2023,Entergalactic,2022,https://boxd.it/CPN4,3,English,"Comedy, Romance, Animation"
1/7/2023,Kaleidoscope,2023,https://boxd.it/ErYQ,2,English,"Drama, Crime"
1/7/2023,The Namesake,2006,https://boxd.it/1JJG,2,English,Drama
1/7/2023,21 Jump Street,2012,https://boxd.it/J0,4,English,"Crime, Comedy, Action"
1/8/2023,22 Jump Street,2014,https://boxd.it/5Fvy,3.5,English,"Crime, Action, Comedy"
1/9/2023,HIT: The 2nd Case,2022,https://boxd.it/uzQq,3.5,Telugu,"Crime, Thriller, Action"
1/29/2023,18 Pages,2022,https://boxd.it/xNXG,3,Telugu,Romance
2/4/2023,You People,2023,https://boxd.it/wJYe,3.5,English,"Comedy, Romance"
2/12/2023,Mukhachitram,2022,https://boxd.it/DX36,2.5,Telugu,"Thriller, Crime, Drama"
2/20/2023,Ant-Man and the Wasp: Quantumania,2023,https://boxd.it/nL2y,3.5,English,"Adventure, Science Fiction, Action"
2/21/2023,Your Place or Mine,2023,https://boxd.it/qizY,3,English,"Comedy, Romance"
3/5/2023,The Great Indian Kitchen,2023,https://boxd.it/xeQq,4,Tamil,Drama
3/5/2023,Mayagadu,2023,https://boxd.it/FkLM,3,Telugu,"Action, Romance"
3/8/2023,Missing,2023,https://boxd.it/sS1W,5,English,"Thriller, Mystery"
3/12/2023,Varisu,2023,https://boxd.it/vuNo,5,Tamil,"Action, Adventure"
3/23/2023,Dhamaka,2022,https://boxd.it/xxLk,3,Telugu,"Comedy, Action"
3/25/2023,Yeh Jawaani Hai Deewani,2013,https://boxd.it/5Cmo,5,Hindi,"Romance, Comedy"
3/26/2023,Vaathi,2023,https://boxd.it/yBN2,5,Tamil,"Drama, Action"
3/26/2023,Balagam,2023,https://boxd.it/FkAY,3.5,Telugu,"Comedy, Drama"
4/4/2023,Student of the Year,2012,https://boxd.it/4rkY,2.5,Hindi,"Drama, Comedy, Romance"
4/7/2023,Puss in Boots: The Last Wish,2022,https://boxd.it/aaie,5,English,"Animation, Family, Fantasy, Action, Comedy, Adventure"
4/8/2023,Shazam! Fury of the Gods,2023,https://boxd.it/lV0S,3.5,English,"Fantasy, Action, Comedy"
4/9/2023,Air,2023,https://boxd.it/Arlc,2.5,English,"Drama, History"
4/10/2023,Prom Pact,2023,https://boxd.it/z8X0,4,English,"Comedy, Romance"
4/13/2023,Waltair Veerayya,2023,https://boxd.it/Bnkc,4,Telugu,"Drama, Action"
4/16/2023,Das Ka Dhamki,2023,https://boxd.it/Dvha,4,Telugu,"Comedy, Action"
4/22/2023,Ghosted,2023,https://boxd.it/wL1e,3.5,English,"Romance, Action, Comedy"
5/19/2023,The Super Mario Bros. Movie,2023,https://boxd.it/i8C8,4.5,English,"Fantasy, Animation, Comedy, Family, Adventure"
5/22/2023,Writer Padmabhushan,2023,https://boxd.it/EyIK,3.5,Telugu,"Comedy, Family, Drama"
5/24/2023,Guardians of the Galaxy Vol. 3,2023,https://boxd.it/fVNI,4,English,"Action, Adventure, Science Fiction"
5/27/2023,Virupaksha,2023,https://boxd.it/D8xk,3,Telugu,"Mystery, Horror, Thriller, Fantasy"
5/28/2023,Rang De Basanti,2006,https://boxd.it/20KG,3.5,Hindi,"Drama, Comedy, History"
6/5/2023,Spider-Man: Across the Spider-Verse,2023,https://boxd.it/kSz4,5,English,"Animation, Adventure, Science Fiction, Action"
6/6/2023,Spider-Man: Into the Spider-Verse,2018,https://boxd.it/azpY,4.5,English,"Adventure, Animation, Science Fiction, Action"
6/13/2023,Ranga Ranga Vaibhavanga,2022,https://boxd.it/zeVu,3.5,Telugu,"Comedy, Romance"
6/14/2023,The Boss Baby,2017,https://boxd.it/9mfO,3.5,English,"Animation, Comedy, Family"
6/15/2023,Tu Jhoothi Main Makkaar,2023,https://boxd.it/mAp0,4.5,Hindi,"Romance, Comedy"
6/16/2023,Love Today,2022,https://boxd.it/D3KI,4.5,Tamil,"Romance, Comedy"
6/17/2023,Jaane Tu... Ya Jaane Na,2008,https://boxd.it/1O2i,4,Hindi,"Romance, Comedy, Drama"
6/17/2023,Hasee Toh Phasee,2014,https://boxd.it/7n3g,4,Hindi,"Comedy, Romance"
6/18/2023,Extraction 2,2023,https://boxd.it/q4Zo,2.5,English,"Thriller, Action"
6/18/2023,Transformers: Rise of the Beasts,2023,https://boxd.it/oQTa,1,English,"Action, Science Fiction, Adventure"
6/24/2023,Chandigarh Kare Aashiqui,2021,https://boxd.it/snUm,4.5,Hindi,"Drama, Crime, Romance"
6/25/2023,Custody,2023,https://boxd.it/ArWi,3.5,Telugu,"Thriller, Action"
7/3/2023,Samajavaragamana,2023,https://boxd.it/D0xG,4.5,Telugu,"Romance, Drama, Comedy"
7/8/2023,Parugu,2008,https://boxd.it/1yNs,4,Telugu,"Romance, Action"
7/10/2023,Jab We Met,2007,https://boxd.it/1T2W,3.5,Hindi,"Comedy, Romance, Drama"
7/11/2023,Somebody I Used to Know,2023,https://boxd.it/wMaw,3.5,English,"Drama, Romance, Comedy"
7/12/2023,Khiladi,2022,https://boxd.it/tTfs,2,Telugu,"Thriller, Action"
7/22/2023,Oppenheimer,2023,https://boxd.it/wUow,5,English,"History, Drama"
7/23/2023,Gully Boy,2019,https://boxd.it/hHXo,4,Hindi,"Drama, Music"
8/8/2023,Joy Ride,2023,https://boxd.it/wEeK,3.5,English,Comedy
8/10/2023,Rangabali,2023,https://boxd.it/H3MW,3,Telugu,"Action, Comedy, Romance"
8/10/2023,Devadas,2018,https://boxd.it/k7Kk,4,Telugu,"Action, Comedy, Drama"
8/13/2023,F3: Fun and Frustration,2022,https://boxd.it/uc6k,2.5,Telugu,"Comedy, Romance"
8/15/2023,No Hard Feelings,2023,https://boxd.it/xouu,2,English,"Comedy, Romance"
8/16/2023,Aagadu,2014,https://boxd.it/9hV6,1.5,Telugu,"Comedy, Drama, Action"
8/16/2023,Baadshah,2013,https://boxd.it/5xu8,3.5,Telugu,"Comedy, Action"
8/16/2023,Brahmotsavam,2016,https://boxd.it/cSOM,0.5,Telugu,"Romance, Family"
8/16/2023,Athidhi,2007,https://boxd.it/nJ8,2.5,Telugu,"Crime, Action, Drama, Romance"
8/16/2023,Arjun,2004,https://boxd.it/2P7U,2.5,Telugu,"Drama, Action, Romance"
8/16/2023,Happy,2006,https://boxd.it/2PBU,3.5,Telugu,"Romance, Drama"
8/17/2023,Mere Brother Ki Dulhan,2011,https://boxd.it/2AVg,4,Hindi,"Comedy, Drama, Romance"
8/20/2023,"Red, White & Royal Blue",2023,https://boxd.it/z3iG,3.5,English,"Comedy, Romance"
8/23/2023,BlacKkKlansman,2018,https://boxd.it/hxL8,2.5,English,"Drama, Comedy, History, Crime"
8/26/2023,Elemental,2023,https://boxd.it/ASiE,3.5,English,"Comedy, Romance, Animation, Fantasy, Family"
8/30/2023,Parasite,2019,https://boxd.it/hTha,5,Korean,"Comedy, Thriller, Drama"
8/31/2023,Arjun Reddy,2017,https://boxd.it/gYiq,1,Telugu,"Drama, Romance, Action"
9/9/2023,BRO,2023,https://boxd.it/FfLs,3.5,Telugu,"Fantasy, Comedy, Drama"
9/22/2023,Shershaah,2021,https://boxd.it/m860,3.5,Hindi,"Action, Drama, Thriller, War"
9/23/2023,Booksmart,2019,https://boxd.it/igNS,1.5,English,Comedy
9/23/2023,Solo Brathuke So Better,2020,https://boxd.it/qHkO,3,Telugu,"Romance, Comedy"
9/24/2023,Project X,2012,https://boxd.it/neO,1,English,Comedy
9/26/2023,Barbie,2023,https://boxd.it/bCLK,2,English,"Comedy, Fantasy, Adventure"
9/26/2023,Rocky Aur Rani Kii Prem Kahaani,2023,https://boxd.it/w0wa,5,Hindi,"Family, Drama, Comedy, Romance"
9/30/2023,Dear Comrade,2019,https://boxd.it/kEOE,2,Telugu,"Romance, Action, Drama"
10/1/2023,Kushi,2023,https://boxd.it/AsLK,2.5,Telugu,"Comedy, Romance, Drama"
10/3/2023,Pushpa: The Rise - Part 1,2021,https://boxd.it/pO3y,3,Telugu,"Action, Drama, Thriller"
10/6/2023,Miss. Shetty Mr. Polishetty,2023,https://boxd.it/DyTQ,2,Telugu,"Comedy, Drama, Thriller, Romance"
10/16/2023,Hustlers,2019,https://boxd.it/jIBM,3,English,"Comedy, Crime, Drama"
10/22/2023,Manmadhudu,2002,https://boxd.it/2PKs,4,Telugu,"Comedy, Drama"
10/22/2023,The Babysitter: Killer Queen,2020,https://boxd.it/n4VA,1.5,English,"Comedy, Horror"
10/30/2023,Gangubai Kathiawadi,2022,https://boxd.it/oJek,3.5,Hindi,"Drama, History, Crime"
11/5/2023,Jawan,2023,https://boxd.it/wVDs,3.5,Hindi,"Thriller, Action, Adventure"
11/5/2023,MAD,2023,https://boxd.it/J1OA,4.5,Telugu,"Drama, Romance, Comedy"
11/5/2023,Skanda,2023,https://boxd.it/D2ow,0.5,Telugu,"Drama, Romance, Action"
11/5/2023,Dil Dhadakne Do,2015,https://boxd.it/bdZC,4,Hindi,"Drama, Family, Romance"
11/7/2023,The Sky Is Pink,2019,https://boxd.it/mFDw,5,Hindi,"Drama, Comedy, Romance"
11/22/2023,Dil Chahta Hai,2001,https://boxd.it/1Nsk,3,Hindi,"Romance, Drama"
11/22/2023,Jalsa,2008,https://boxd.it/2vs4,3.5,Telugu,"Comedy, Action"
11/25/2023,Rebel,2012,https://boxd.it/4nIM,1.5,Telugu,Action
12/1/2023,Aadavaallu Meeku Johaarlu,2022,https://boxd.it/xxRC,2,Telugu,"Drama, Family, Comedy"
12/3/2023,Leo(English),2023,https://boxd.it/EGzm,3.5,English,"Comedy, Family, Animation"
12/3/2023,RRR,2022,https://boxd.it/ljDs,0.5,Telugu,"Action, Drama"
12/4/2023,Smile,2022,https://boxd.it/xjfE,3.5,English,"Horror, Mystery, Thriller"
12/4/2023,Macherla Niyojakavargam,2022,https://boxd.it/xEZe,2,Telugu,"Action, Thriller"
12/7/2023,Blockers,2018,https://boxd.it/fxEW,3.5,English,Comedy
12/10/2023,The Marvels,2023,https://boxd.it/mwU4,3.5,English,"Science Fiction, Action, Adventure"
12/12/2023,Khushi,2001,https://boxd.it/2PAi,4.5,Telugu,"Romance, Drama, Comedy"
12/12/2023,Sapta Sagaradaache Ello – Side A,2023,https://boxd.it/IhOY,3,Kannada,"Romance, Drama"
12/13/2023,Animal,2023,https://boxd.it/toAu,4,Hindi,"Drama, Action, Crime"
12/13/2023,Bujjigaadu: Made in Chennai,2008,https://boxd.it/3Tvy,3.5,Telugu,"Romance, Drama, Action"
12/14/2023,Nenu Local,2017,https://boxd.it/fBb0,3,Telugu,"Action, Comedy"
12/15/2023,Love Story,2021,https://boxd.it/oIb0,2.5,Telugu,"Romance, Drama"
12/17/2023,Dharma Chakram,1996,https://boxd.it/2PD2,4,Telugu,Drama
12/17/2023,Nuvvu Naaku Nachav,2001,https://boxd.it/2SGe,4,Telugu,"Family, Drama, Romance, Comedy"
12/17/2023,Sarileru Neekevvaru,2020,https://boxd.it/mq7K,3,Telugu,Action
12/18/2023,Vadhandhi,2022,https://boxd.it/F6iQ,2.5,Tamil,"Crime, Drama, Mystery"
12/18/2023,Desamuduru,2007,https://boxd.it/3Tsu,3.5,Telugu,"Action, Romance"
12/18/2023,Jigarthanda DoubleX,2023,https://boxd.it/C4xI,4,Tamil,"Drama, Action, Comedy"
12/18/2023,Leo(Tamil),2023,https://boxd.it/zOWS,3.5,Tamil,"Action, Adventure, Crime, Thriller"
12/19/2023,Goodachari,2018,https://boxd.it/jGLg,3.5,Telugu,"Action, Thriller"
12/19/2023,Gabbar Singh,2012,https://boxd.it/3KKu,3.5,Telugu,"Comedy, Action"
12/19/2023,Mr. Perfect,2011,https://boxd.it/8ZA,4,Telugu,"Romance, Comedy"
12/19/2023,Gentleman,2016,https://boxd.it/e23e,2.5,Telugu,"Thriller, Romance"
12/20/2023,K.G.F: Chapter 1,2018,https://boxd.it/kGf2,4.5,Kannada,"Adventure, Thriller, Crime, Action"
12/20/2023,K.G.F: Chapter 2,2022,https://boxd.it/lCgM,4.5,Kannada,"Action, Thriller, Adventure, Crime"
12/20/2023,Naa Peru Surya - Naa Illu India,2018,https://boxd.it/i442,3,Telugu,Action
12/20/2023,Orange,2010,https://boxd.it/m0c,3,Telugu,"Romance, Comedy"
12/20/2023,Rachcha,2012,https://boxd.it/40ja,2.5,Telugu,"Drama, Romance, Action"
12/20/2023,Khaidi No. 150,2017,https://boxd.it/exjs,3,Telugu,"Action, Thriller, Romance"
12/20/2023,Naayak,2013,https://boxd.it/5yZG,2.5,Telugu,"Action, Drama"
12/20/2023,Chirutha,2007,https://boxd.it/2YwO,1.5,Telugu,"Romance, Drama, Action"
12/20/2023,Govindudu Andarivaadele,2014,https://boxd.it/9m0E,2.5,Telugu,"Action, Drama"
12/20/2023,Jai Lava Kusa,2017,https://boxd.it/3tnS,1.5,Telugu,"Action, Thriller"
12/20/2023,Ramayya Vasthavayya,2013,https://boxd.it/6HMy,1.5,Telugu,"Action, Drama"
12/20/2023,Rabhasa,2014,https://boxd.it/9QGK,2,Telugu,"Comedy, Action"
12/20/2023,Power,2014,https://boxd.it/9aJ8,2.5,Telugu,"Comedy, Action"
12/20/2023,Cameraman Ganga Tho Rambabu,2012,https://boxd.it/4sf6,2.5,Telugu,"Action, Drama"
12/20/2023,Doosukeltha,2013,https://boxd.it/75H8,3,Telugu,"Drama, Comedy"
12/20/2023,Tadakha,2013,https://boxd.it/68w6,2.5,Telugu,"Romance, Family, Action"
