Date,Name,Year,Letterboxd URI
6/30/2022,Knives Out,2019,https://boxd.it/jWEA
6/30/2022,The Batman,2022,https://boxd.it/eDGs
6/30/2022,Spider-Man: Into the Spider-Verse,2018,https://boxd.it/azpY
6/30/2022,Inception,2010,https://boxd.it/1skk
6/30/2022,Spider-Man: No Way Home,2021,https://boxd.it/nwRw
6/30/2022,Dune,2021,https://boxd.it/fA7G
6/30/2022,Avengers: Infinity War,2018,https://boxd.it/9vEe
6/30/2022,Avengers: Endgame,2019,https://boxd.it/9vE4
6/30/2022,Black Panther,2018,https://boxd.it/8MHs
6/30/2022,The Social Network,2010,https://boxd.it/17ue
6/30/2022,Guardians of the Galaxy,2014,https://boxd.it/3VH2
6/30/2022,Forrest Gump,1994,https://boxd.it/728
6/30/2022,Don't Look Up,2021,https://boxd.it/o0Hc
6/30/2022,Spider-Man: Homecoming,2017,https://boxd.it/aboM
6/30/2022,Thor: Ragnarok,2017,https://boxd.it/8MHi
6/30/2022,Everything Everywhere All at Once,2022,https://boxd.it/jUk4
6/30/2022,Soul,2020,https://boxd.it/ioLA
6/30/2022,Coco,2017,https://boxd.it/bYJQ
6/30/2022,Spider-Man: Far from Home,2019,https://boxd.it/fegG
6/30/2022,The Avengers,2012,https://boxd.it/1xFW
6/30/2022,Deadpool,2016,https://boxd.it/9fOC
6/30/2022,Inside Out,2015,https://boxd.it/4KHC
6/30/2022,Ratatouille,2007,https://boxd.it/27ww
6/30/2022,Back to the Future,1985,https://boxd.it/2b8e
6/30/2022,Doctor Strange,2016,https://boxd.it/8MH8
6/30/2022,Captain America: Civil War,2016,https://boxd.it/89Ja
6/30/2022,Guardians of the Galaxy Vol. 2,2017,https://boxd.it/8MxC
6/30/2022,Up,2009,https://boxd.it/1OEc
6/30/2022,Iron Man,2008,https://boxd.it/28dA
6/30/2022,Doctor Strange in the Multiverse of Madness,2022,https://boxd.it/gaTc
6/30/2022,WALL·E,2008,https://boxd.it/1VEo
6/30/2022,Captain America: The Winter Soldier,2014,https://boxd.it/3r58
6/30/2022,Spider-Man,2002,https://boxd.it/2a8i
6/30/2022,Black Widow,2021,https://boxd.it/hWV8
6/30/2022,Captain Marvel,2019,https://boxd.it/9vSA
6/30/2022,Shang-Chi and the Legend of the Ten Rings,2021,https://boxd.it/kLDI
6/30/2022,Avengers: Age of Ultron,2015,https://boxd.it/3qi6
6/30/2022,Logan,2017,https://boxd.it/7Piy
6/30/2022,Encanto,2021,https://boxd.it/kPRu
6/30/2022,Ant-Man,2015,https://boxd.it/3vmW
6/30/2022,Captain America: The First Avenger,2011,https://boxd.it/28b0
6/30/2022,Catch Me If You Can,2002,https://boxd.it/29VS
6/30/2022,Luca,2021,https://boxd.it/ipjC
6/30/2022,Eternals,2021,https://boxd.it/j36o
6/30/2022,Iron Man 3,2013,https://boxd.it/2cBQ
6/30/2022,Deadpool 2,2018,https://boxd.it/dlLM
6/30/2022,Thor,2011,https://boxd.it/1WQU
6/30/2022,Home Alone,1990,https://boxd.it/29Fg
6/30/2022,Turning Red,2022,https://boxd.it/ipkq
6/30/2022,Iron Man 2,2010,https://boxd.it/1WZM
6/30/2022,The Amazing Spider-Man,2012,https://boxd.it/27PI
6/30/2022,Zootopia,2016,https://boxd.it/84xS
6/30/2022,Last Night in Soho,2021,https://boxd.it/lbJC
6/30/2022,Ant-Man and the Wasp,2018,https://boxd.it/cqUW
6/30/2022,Toy Story 4,2019,https://boxd.it/9ALu
6/30/2022,The Fallout,2021,https://boxd.it/tViI
6/30/2022,Sonic the Hedgehog 2,2022,https://boxd.it/pb8O
6/30/2022,Stand Up Rahul,2022,https://boxd.it/yZRC
6/30/2022,Moonshot,2022,https://boxd.it/sQRG
6/30/2022,Death on the Nile,2022,https://boxd.it/ifpg
6/30/2022,The Bubble,2022,https://boxd.it/sKAa
6/30/2022,Radhe Shyam,2022,https://boxd.it/p63u
6/30/2022,Venom,2018,https://boxd.it/b8wA
6/30/2022,RRR,2022,https://boxd.it/ljDs
6/30/2022,Crush,2022,https://boxd.it/wuHW
6/30/2022,The Half of It,2020,https://boxd.it/m0T4
6/30/2022,Uncharted,2022,https://boxd.it/b5Dy
6/30/2022,Sarkaru Vaari Paata,2022,https://boxd.it/tvx8
6/30/2022,DJ Tillu,2022,https://boxd.it/zkBU
6/30/2022,Jana Gana Mana,2022,https://boxd.it/tOpC
6/30/2022,Moon Knight,2022,https://boxd.it/zeDq
6/30/2022,Ms. Marvel,2022,https://boxd.it/ANCY
6/30/2022,The Incredible Hulk,2008,https://boxd.it/28dU
6/30/2022,Thor: The Dark World,2013,https://boxd.it/2DqA
6/30/2022,WandaVision,2021,https://boxd.it/sbGW
6/30/2022,The Falcon and the Winter Soldier,2021,https://boxd.it/sbH6
6/30/2022,Loki,2021,https://boxd.it/sbHg
6/30/2022,Hawkeye,2021,https://boxd.it/xQqK
6/30/2022,The Adam Project,2022,https://boxd.it/q2Dg
6/30/2022,Chip 'n Dale: Rescue Rangers,2022,https://boxd.it/eSk2
6/30/2022,The Lost City,2022,https://boxd.it/sg0Q
6/30/2022,Along for the Ride,2022,https://boxd.it/tfIO
6/30/2022,Cheaper by the Dozen,2022,https://boxd.it/pQeI
6/30/2022,Bheemla Nayak,2022,https://boxd.it/uzR4
6/30/2022,Marvel Studios Assembled: The Making of Moon Knight,2022,https://boxd.it/Arg2
6/30/2022,Acharya,2022,https://boxd.it/pmN4
6/30/2022,Cruella,2021,https://boxd.it/bbKg
6/30/2022,No Time to Die,2021,https://boxd.it/cPX2
6/30/2022,Free Guy,2021,https://boxd.it/k8dm
6/30/2022,Venom: Let There Be Carnage,2021,https://boxd.it/llco
6/30/2022,Raya and the Last Dragon,2021,https://boxd.it/jbkI
6/30/2022,In the Heights,2021,https://boxd.it/gLhu
6/30/2022,All Too Well: The Short Film,2021,https://boxd.it/xTmc
6/30/2022,Red Notice,2021,https://boxd.it/ixtq
6/30/2022,Jungle Cruise,2021,https://boxd.it/g4YK
6/30/2022,The Tomorrow War,2021,https://boxd.it/lE78
6/30/2022,Moxie,2021,https://boxd.it/lsQK
6/30/2022,Sing 2,2021,https://boxd.it/fAnE
6/30/2022,Cherry,2021,https://boxd.it/jRhm
6/30/2022,The Kissing Booth 3,2021,https://boxd.it/rhOA
6/30/2022,Ron's Gone Wrong,2021,https://boxd.it/hlj2
6/30/2022,Ciao Alberto,2021,https://boxd.it/x4F8
6/30/2022,The Boss Baby: Family Business,2021,https://boxd.it/goWY
6/30/2022,Peter Rabbit 2: The Runaway,2021,https://boxd.it/iYcQ
6/30/2022,Pushpa: The Rise - Part 1,2021,https://boxd.it/pO3y
6/30/2022,Drishyam 2,2021,https://boxd.it/qsak
6/30/2022,Onward,2020,https://boxd.it/io92
6/30/2022,Enola Holmes,2020,https://boxd.it/hX2o
6/30/2022,Sonic the Hedgehog,2020,https://boxd.it/gdK8
6/30/2022,Extraction,2020,https://boxd.it/jUjA
6/30/2022,Hubie Halloween,2020,https://boxd.it/mQwm
6/30/2022,The Kissing Booth 2,2020,https://boxd.it/lrky
6/30/2022,Shazam!,2019,https://boxd.it/8WBu
6/30/2022,Frozen II,2019,https://boxd.it/aPvo
6/30/2022,Pokémon Detective Pikachu,2019,https://boxd.it/fVA0
6/30/2022,Aladdin,2019,https://boxd.it/eSjy
6/30/2022,Dark Phoenix,2019,https://boxd.it/anyO
6/30/2022,The Last Summer,2019,https://boxd.it/i8Sg
6/30/2022,Ek Ladki Ko Dekha Toh Aisa Laga,2019,https://boxd.it/jp1g
6/30/2022,"Love, Simon",2018,https://boxd.it/g02s
6/30/2022,The Kissing Booth,2018,https://boxd.it/geR0
6/30/2022,Instant Family,2018,https://boxd.it/hHpQ
6/30/2022,Night School,2018,https://boxd.it/gcyU
6/30/2022,Bāhubali 2: The Conclusion,2017,https://boxd.it/bMfO
6/30/2022,Bāhubali: The Beginning,2015,https://boxd.it/7y2y
6/30/2022,Eega,2012,https://boxd.it/4HhQ
6/30/2022,Pokiri,2006,https://boxd.it/1ziK
6/30/2022,Seethamma Vakitlo Sirimalle Chettu,2013,https://boxd.it/5PiO
6/30/2022,Athadu,2005,https://boxd.it/18T0
6/30/2022,Bharat Ane Nenu,2018,https://boxd.it/i7KA
6/30/2022,1: Nenokkadine,2014,https://boxd.it/7jOs
6/30/2022,Awe!,2018,https://boxd.it/i4l8
6/30/2022,Ala Vaikunthapurramuloo,2020,https://boxd.it/ngUk
6/30/2022,Rangasthalam,2018,https://boxd.it/gu8K
6/30/2022,Shyam Singha Roy,2021,https://boxd.it/u62G
6/30/2022,Jersey,2019,https://boxd.it/lQjU
6/30/2022,Mirchi,2013,https://boxd.it/5pUW
6/30/2022,Businessman,2012,https://boxd.it/2WYm
6/30/2022,Dookudu,2011,https://boxd.it/2N9E
6/30/2022,Darling,2010,https://boxd.it/8TM
6/30/2022,Gaganam,2011,https://boxd.it/hkw
6/30/2022,Billa,2009,https://boxd.it/1yOA
6/30/2022,Mahanati,2018,https://boxd.it/grck
6/30/2022,Agent Sai Srinivasa Athreya,2019,https://boxd.it/mygg
6/30/2022,Magadheera,2009,https://boxd.it/1yMa
6/30/2022,Geetha Govindam,2018,https://boxd.it/jHkg
6/30/2022,Manam,2014,https://boxd.it/7rrw
6/30/2022,Dhruva,2016,https://boxd.it/etYQ
6/30/2022,Saaho,2019,https://boxd.it/gdaa
6/30/2022,Jathi Ratnalu,2021,https://boxd.it/tXxq
6/30/2022,V,2020,https://boxd.it/pu7K
6/30/2022,Nani's Gang Leader,2019,https://boxd.it/mDD0
6/30/2022,Pelli Choopulu,2016,https://boxd.it/dM0o
6/30/2022,Ee Nagaraniki Emaindi?,2018,https://boxd.it/jnYq
6/30/2022,Sarileru Neekevvaru,2020,https://boxd.it/mq7K
6/30/2022,Spyder,2017,https://boxd.it/g8vW
6/30/2022,Maryada Ramanna,2010,https://boxd.it/tuI
6/30/2022,Maharshi,2019,https://boxd.it/jKog
6/30/2022,Krack,2021,https://boxd.it/tv70
6/30/2022,Evaru,2019,https://boxd.it/mq76
6/30/2022,Uppena,2021,https://boxd.it/moEM
6/30/2022,Oh! Baby,2019,https://boxd.it/mpKG
6/30/2022,Oopiri,2016,https://boxd.it/cPiy
6/30/2022,Son of Satyamurthy,2015,https://boxd.it/b0uw
6/30/2022,Most Eligible Bachelor,2021,https://boxd.it/qOVW
6/30/2022,Fidaa,2017,https://boxd.it/gKvK
6/30/2022,Vakeel Saab,2021,https://boxd.it/p7Ka
6/30/2022,Race Gurram,2014,https://boxd.it/7N6A
6/30/2022,Aravinda Sametha Veera Raghava,2018,https://boxd.it/jsaU
6/30/2022,Tuck Jagadish,2021,https://boxd.it/twvs
6/30/2022,Bheeshma,2020,https://boxd.it/p8Qy
6/30/2022,Aarya 2,2009,https://boxd.it/1djG
6/30/2022,Janatha Garage,2016,https://boxd.it/ehpu
6/30/2022,Srimanthudu,2015,https://boxd.it/bTA0
6/30/2022,Colour Photo,2020,https://boxd.it/pN4q
6/30/2022,World Famous Lover,2020,https://boxd.it/oxik
6/30/2022,Yevadu,2014,https://boxd.it/6prM
6/30/2022,DJ: Duvvada Jagannadham,2017,https://boxd.it/fMIu
6/30/2022,Khaleja,2010,https://boxd.it/nKK
6/30/2022,Aarya,2004,https://boxd.it/2Pgi
6/30/2022,Julayi,2012,https://boxd.it/48eC
6/30/2022,Nannaku Prematho...,2016,https://boxd.it/cDnG
6/30/2022,Sarrainodu,2016,https://boxd.it/d1BC
6/30/2022,Okkadu,2003,https://boxd.it/3iHC
6/30/2022,Atharintiki Daaredi,2013,https://boxd.it/6Dmw
6/30/2022,F2: Fun and Frustration,2019,https://boxd.it/kMEi
6/30/2022,Temper,2015,https://boxd.it/aC9a
6/30/2022,Nota,2018,https://boxd.it/iyfY
6/30/2022,Spider-Man 3,2007,https://boxd.it/2a7Y
6/30/2022,Clueless,1995,https://boxd.it/1Ygk
6/30/2022,Big Hero 6,2014,https://boxd.it/5rje
6/30/2022,Tangled,2010,https://boxd.it/15gO
6/30/2022,Frozen,2013,https://boxd.it/3GNa
6/30/2022,The Amazing Spider-Man 2,2014,https://boxd.it/3utM
6/30/2022,The Lego Movie,2014,https://boxd.it/4pDO
6/30/2022,X-Men: Days of Future Past,2014,https://boxd.it/4aRw
6/30/2022,Fresh,2022,https://boxd.it/tCNi
6/30/2022,Crazy Rich Asians,2018,https://boxd.it/gfnK
6/30/2022,Back to the Future Part II,1989,https://boxd.it/2aYI
6/30/2022,Cars,2006,https://boxd.it/29ho
6/30/2022,Wreck-It Ralph,2012,https://boxd.it/2TTS
6/30/2022,The Greatest Showman,2017,https://boxd.it/acjI
6/30/2022,Brave,2012,https://boxd.it/bVG
6/30/2022,Now You See Me,2013,https://boxd.it/2Bsu
6/30/2022,X-Men: First Class,2011,https://boxd.it/FOA
6/30/2022,Pitch Perfect,2012,https://boxd.it/3OsE
6/30/2022,Paddington,2014,https://boxd.it/3RKw
6/30/2022,Paddington 2,2017,https://boxd.it/bCF8
6/30/2022,Beauty and the Beast,2017,https://boxd.it/ar0c
6/30/2022,X-Men: Apocalypse,2016,https://boxd.it/7eJi
6/30/2022,X-Men,2000,https://boxd.it/1a7s
6/30/2022,Home Alone 2: Lost in New York,1992,https://boxd.it/29F6
6/30/2022,Murder on the Orient Express,2017,https://boxd.it/dHjA
6/30/2022,The Pursuit of Happyness,2006,https://boxd.it/28PE
6/30/2022,Ralph Breaks the Internet,2018,https://boxd.it/edAy
6/30/2022,The Parent Trap,1998,https://boxd.it/1XJq
6/30/2022,X2,2003,https://boxd.it/1a7i
7/3/2022,Pelli SandaD,2021,https://boxd.it/xpkq
7/6/2022,The Edge of Seventeen,2016,https://boxd.it/d5nu
7/6/2022,The F**k-It List,2020,https://boxd.it/m3uc
7/11/2022,Thor: Love and Thunder,2022,https://boxd.it/mMAY
7/13/2022,The Imitation Game,2014,https://boxd.it/6aig
7/14/2022,Five Feet Apart,2019,https://boxd.it/jaAK
7/16/2022,"Boo, Bitch",2022,https://boxd.it/BIiG
7/17/2022,Ante... Sundaraniki!,2022,https://boxd.it/vu0w
7/17/2022,Black,2022,https://boxd.it/xCni
7/18/2022,Fantastic Four,2005,https://boxd.it/1XVw
7/18/2022,Fantastic Four,2015,https://boxd.it/5a9c
7/18/2022,Fantastic Four: Rise of the Silver Surfer,2007,https://boxd.it/27Ii
7/18/2022,X-Men: The Last Stand,2006,https://boxd.it/1a5Q
7/20/2022,Z-O-M-B-I-E-S 3,2022,https://boxd.it/ut9g
7/20/2022,Rang De,2021,https://boxd.it/tUSA
7/21/2022,Spree,2020,https://boxd.it/oiiO
7/22/2022,Mainstream,2020,https://boxd.it/kpDc
7/23/2022,The Gray Man,2022,https://boxd.it/rb7q
7/23/2022,Freaky,2020,https://boxd.it/ka42
7/24/2022,My First Summer,2020,https://boxd.it/rOjg
7/24/2022,Plan B,2021,https://boxd.it/rUMy
7/25/2022,The Black Phone,2021,https://boxd.it/sqFE
7/25/2022,Major,2022,https://boxd.it/mkWM
7/26/2022,Love Hard,2021,https://boxd.it/rxXS
7/26/2022,Cha Cha Real Smooth,2022,https://boxd.it/uF8E
7/27/2022,Lightyear,2022,https://boxd.it/qV1G
7/28/2022,Gifted,2017,https://boxd.it/e5dG
7/30/2022,Honor Society,2022,https://boxd.it/z1Bw
7/30/2022,Not Okay,2022,https://boxd.it/vCEY
7/31/2022,Senior Year,2022,https://boxd.it/u8C2
7/31/2022,Every Day,2018,https://boxd.it/gEhC
7/31/2022,Spiderhead,2022,https://boxd.it/mLsO
8/4/2022,A Fan's Guide to Ms. Marvel,2022,https://boxd.it/AZh4
8/4/2022,Purple Hearts,2022,https://boxd.it/sFiK
8/5/2022,Interstellar,2014,https://boxd.it/4VZ8
8/5/2022,10 Things I Hate About You,1999,https://boxd.it/23AO
8/6/2022,The Broken Hearts Gallery,2020,https://boxd.it/mNja
8/6/2022,Wedding Season,2022,https://boxd.it/uQ9S
8/7/2022,Pakka Commercial,2022,https://boxd.it/xFIy
8/7/2022,Spider-Man 2,2004,https://boxd.it/2a88
8/8/2022,"The Simpsons: The Good, the Bart, and the Loki",2021,https://boxd.it/vUPq
8/8/2022,The Royal Treatment,2022,https://boxd.it/tIGs
8/9/2022,Elvis,2022,https://boxd.it/mK4w
8/9/2022,No Strings Attached,2011,https://boxd.it/YUs
8/9/2022,Ferris Bueller's Day Off,1986,https://boxd.it/1YPY
8/9/2022,Tom & Jerry,2021,https://boxd.it/lCXG
8/12/2022,Ready Player One,2018,https://boxd.it/aZes
8/14/2022,Thank You,2022,https://boxd.it/y4wM
8/14/2022,The Warriorr,2022,https://boxd.it/yYnG
8/15/2022,Clap,2022,https://boxd.it/mIL4
8/15/2022,U Turn,2018,https://boxd.it/jvko
8/15/2022,Agnyaathavaasi,2018,https://boxd.it/hRDo
8/15/2022,Miss India,2020,https://boxd.it/srzs
8/15/2022,Naa Peru Surya - Naa Illu India,2018,https://boxd.it/i442
8/15/2022,A Aa,2016,https://boxd.it/cVkA
8/15/2022,Bruce Lee - The Fighter,2015,https://boxd.it/cBgo
8/15/2022,Drushyam,2014,https://boxd.it/8xUQ
8/15/2022,iSmart Shankar,2019,https://boxd.it/muXg
8/15/2022,Hyper,2016,https://boxd.it/eOfC
8/15/2022,Nenu..Sailaja,2016,https://boxd.it/d6EG
8/15/2022,Bhale Bhale Magadivoy,2015,https://boxd.it/cJD6
8/15/2022,Vinaya Vidheya Rama,2019,https://boxd.it/kLG8
8/15/2022,American Psycho,2000,https://boxd.it/28Vs
8/15/2022,Mean Girls,2004,https://boxd.it/1VNg
8/15/2022,Day Shift,2022,https://boxd.it/sn8W
8/17/2022,The Terminal,2004,https://boxd.it/2a2O
8/17/2022,Easy A,2010,https://boxd.it/17DK
8/17/2022,"Crazy, Stupid, Love.",2011,https://boxd.it/D9A
8/17/2022,Spin,2021,https://boxd.it/rzma
8/18/2022,Look Both Ways,2022,https://boxd.it/ujzI
8/18/2022,About Time,2013,https://boxd.it/43bI
8/18/2022,Beautiful Boy,2018,https://boxd.it/g76Q
8/20/2022,The Circle,2017,https://boxd.it/bj1I
8/20/2022,Last Christmas,2019,https://boxd.it/k38G
8/20/2022,Me Before You,2016,https://boxd.it/9n98
8/21/2022,Kodachrome,2017,https://boxd.it/ePjK
8/22/2022,"Love, Rosie",2014,https://boxd.it/62hE
8/23/2022,Zathura: A Space Adventure,2005,https://boxd.it/21mq
8/23/2022,The Emoji Movie,2017,https://boxd.it/d9x4
8/23/2022,Arrival,2016,https://boxd.it/aNGk
8/27/2022,She-Hulk: Attorney at Law,2022,https://boxd.it/CjLK
8/28/2022,Nope,2022,https://boxd.it/sDCe
8/29/2022,DC League of Super-Pets,2022,https://boxd.it/jFTI
8/29/2022,Harold & Kumar Go to White Castle,2004,https://boxd.it/1Ueu
9/2/2022,La La Land,2016,https://boxd.it/a5fa
9/7/2022,Wind River,2017,https://boxd.it/dR3i
9/7/2022,Baby Driver,2017,https://boxd.it/bhF2
9/7/2022,Liberal Arts,2012,https://boxd.it/2Y7O
9/7/2022,The Perks of Being a Wallflower,2012,https://boxd.it/2ZA8
9/11/2022,Sita Ramam,2022,https://boxd.it/xO2c
9/17/2022,Do Revenge,2022,https://boxd.it/sFiA
9/18/2022,Ingrid Goes West,2017,https://boxd.it/evUQ
9/24/2022,Bodies Bodies Bodies,2022,https://boxd.it/iRcE
9/26/2022,Iddarammayilatho,2013,https://boxd.it/5XOo
10/8/2022,Bao,2018,https://boxd.it/iEl4
10/30/2022,Swathi Muthyam,2022,https://boxd.it/y1Q0
11/5/2022,Enola Holmes 2,2022,https://boxd.it/vfDe
11/13/2022,The Bad Guys,2022,https://boxd.it/nkg4
11/21/2022,Black Panther: Wakanda Forever,2022,https://boxd.it/igPu
11/21/2022,Black Adam,2022,https://boxd.it/fup0
11/21/2022,Dahmer – Monster: The Jeffrey Dahmer Story,2022,https://boxd.it/CRG0
11/22/2022,Not Another Teen Movie,2001,https://boxd.it/1TWq
11/26/2022,The Guardians of the Galaxy Holiday Special,2022,https://boxd.it/t77K
11/28/2022,The Swimmers,2022,https://boxd.it/uXMi
12/16/2022,Urvasivo Rakshasivo,2022,https://boxd.it/D6La
12/18/2022,Straight Up,2019,https://boxd.it/mhGQ
12/24/2022,Glass Onion,2022,https://boxd.it/oCkK
12/24/2022,Atithi Devobhava,2022,https://boxd.it/xClm
12/27/2022,Roald Dahl's Matilda the Musical,2022,https://boxd.it/oToE
12/29/2022,Nitham Oru Vaanam,2022,https://boxd.it/lchO
12/29/2022,Kannum Kannum Kollaiyadithaal,2020,https://boxd.it/iij6
12/29/2022,Emily the Criminal,2022,https://boxd.it/wBOq
1/5/2023,Entergalactic,2022,https://boxd.it/CPN4
1/7/2023,Kaleidoscope,2023,https://boxd.it/ErYQ
1/7/2023,The Namesake,2006,https://boxd.it/1JJG
1/7/2023,21 Jump Street,2012,https://boxd.it/J0
1/8/2023,22 Jump Street,2014,https://boxd.it/5Fvy
1/9/2023,HIT: The 2nd Case,2022,https://boxd.it/uzQq
1/29/2023,18 Pages,2022,https://boxd.it/xNXG
2/4/2023,You People,2023,https://boxd.it/wJYe
2/12/2023,Mukhachitram,2022,https://boxd.it/DX36
2/20/2023,Ant-Man and the Wasp: Quantumania,2023,https://boxd.it/nL2y
2/21/2023,Your Place or Mine,2023,https://boxd.it/qizY
3/5/2023,The Great Indian Kitchen,2023,https://boxd.it/xeQq
3/5/2023,Mayagadu,2023,https://boxd.it/FkLM
3/8/2023,Missing,2023,https://boxd.it/sS1W
3/12/2023,Varisu,2023,https://boxd.it/vuNo
3/23/2023,Dhamaka,2022,https://boxd.it/xxLk
3/25/2023,Yeh Jawaani Hai Deewani,2013,https://boxd.it/5Cmo
3/26/2023,Vaathi,2023,https://boxd.it/yBN2
3/26/2023,Balagam,2023,https://boxd.it/FkAY
4/4/2023,Student of the Year,2012,https://boxd.it/4rkY
4/7/2023,Puss in Boots: The Last Wish,2022,https://boxd.it/aaie
4/8/2023,Shazam! Fury of the Gods,2023,https://boxd.it/lV0S
4/9/2023,Air,2023,https://boxd.it/Arlc
4/10/2023,Prom Pact,2023,https://boxd.it/z8X0
4/13/2023,Waltair Veerayya,2023,https://boxd.it/Bnkc
4/16/2023,Das Ka Dhamki,2023,https://boxd.it/Dvha
4/22/2023,Ghosted,2023,https://boxd.it/wL1e
5/19/2023,The Super Mario Bros. Movie,2023,https://boxd.it/i8C8
5/22/2023,Writer Padmabhushan,2023,https://boxd.it/EyIK
5/24/2023,Guardians of the Galaxy Vol. 3,2023,https://boxd.it/fVNI
5/27/2023,Virupaksha,2023,https://boxd.it/D8xk
5/28/2023,Rang De Basanti,2006,https://boxd.it/20KG
6/5/2023,Spider-Man: Across the Spider-Verse,2023,https://boxd.it/kSz4
6/13/2023,Ranga Ranga Vaibhavanga,2022,https://boxd.it/zeVu
6/14/2023,The Boss Baby,2017,https://boxd.it/9mfO
6/15/2023,Tu Jhoothi Main Makkaar,2023,https://boxd.it/mAp0
6/16/2023,Love Today,2022,https://boxd.it/D3KI
6/17/2023,Jaane Tu... Ya Jaane Na,2008,https://boxd.it/1O2i
6/17/2023,Hasee Toh Phasee,2014,https://boxd.it/7n3g
6/18/2023,Extraction 2,2023,https://boxd.it/q4Zo
6/18/2023,Transformers: Rise of the Beasts,2023,https://boxd.it/oQTa
6/24/2023,Chandigarh Kare Aashiqui,2021,https://boxd.it/snUm
6/25/2023,Custody,2023,https://boxd.it/ArWi
7/3/2023,Samajavaragamana,2023,https://boxd.it/D0xG
7/8/2023,Parugu,2008,https://boxd.it/1yNs
7/10/2023,Jab We Met,2007,https://boxd.it/1T2W
7/11/2023,Somebody I Used to Know,2023,https://boxd.it/wMaw
7/12/2023,Khiladi,2022,https://boxd.it/tTfs
7/22/2023,Oppenheimer,2023,https://boxd.it/wUow
7/23/2023,Gully Boy,2019,https://boxd.it/hHXo
7/25/2023,The Honor List,2018,https://boxd.it/iHZc
7/25/2023,India Sweets and Spices,2021,https://boxd.it/uWQo
8/8/2023,Joy Ride,2023,https://boxd.it/wEeK
8/10/2023,Rangabali,2023,https://boxd.it/H3MW
8/10/2023,Devadas,2018,https://boxd.it/k7Kk
8/13/2023,F3: Fun and Frustration,2022,https://boxd.it/uc6k
8/15/2023,No Hard Feelings,2023,https://boxd.it/xouu
8/16/2023,Aagadu,2014,https://boxd.it/9hV6
8/16/2023,Baadshah,2013,https://boxd.it/5xu8
8/16/2023,Brahmotsavam,2016,https://boxd.it/cSOM
8/16/2023,Athidhi,2007,https://boxd.it/nJ8
8/16/2023,Arjun,2004,https://boxd.it/2P7U
8/16/2023,Happy,2006,https://boxd.it/2PBU
8/17/2023,Mere Brother Ki Dulhan,2011,https://boxd.it/2AVg
8/20/2023,"Red, White & Royal Blue",2023,https://boxd.it/z3iG
8/23/2023,BlacKkKlansman,2018,https://boxd.it/hxL8
8/26/2023,Elemental,2023,https://boxd.it/ASiE
8/30/2023,Parasite,2019,https://boxd.it/hTha
8/31/2023,Arjun Reddy,2017,https://boxd.it/gYiq
9/9/2023,BRO,2023,https://boxd.it/FfLs
9/22/2023,Shershaah,2021,https://boxd.it/m860
9/23/2023,Booksmart,2019,https://boxd.it/igNS
9/23/2023,Solo Brathuke So Better,2020,https://boxd.it/qHkO
9/24/2023,Project X,2012,https://boxd.it/neO
9/26/2023,Barbie,2023,https://boxd.it/bCLK
9/26/2023,Rocky Aur Rani Kii Prem Kahaani,2023,https://boxd.it/w0wa
9/30/2023,Dear Comrade,2019,https://boxd.it/kEOE
10/1/2023,Kushi,2023,https://boxd.it/AsLK
10/6/2023,Miss. Shetty Mr. Polishetty,2023,https://boxd.it/DyTQ
10/16/2023,Hustlers,2019,https://boxd.it/jIBM
10/22/2023,Manmadhudu,2002,https://boxd.it/2PKs
10/22/2023,The Babysitter: Killer Queen,2020,https://boxd.it/n4VA
10/30/2023,Gangubai Kathiawadi,2022,https://boxd.it/oJek
11/5/2023,Jawan,2023,https://boxd.it/wVDs
11/5/2023,MAD,2023,https://boxd.it/J1OA
11/5/2023,Skanda,2023,https://boxd.it/D2ow
11/5/2023,Dil Dhadakne Do,2015,https://boxd.it/bdZC
11/7/2023,The Sky Is Pink,2019,https://boxd.it/mFDw
11/22/2023,Dil Chahta Hai,2001,https://boxd.it/1Nsk
11/22/2023,Jalsa,2008,https://boxd.it/2vs4
11/25/2023,Rebel,2012,https://boxd.it/4nIM
12/1/2023,Aadavaallu Meeku Johaarlu,2022,https://boxd.it/xxRC
12/3/2023,Leo(English),2023,https://boxd.it/EGzm
12/4/2023,Smile,2022,https://boxd.it/xjfE
12/4/2023,Macherla Niyojakavargam,2022,https://boxd.it/xEZe
12/7/2023,Blockers,2018,https://boxd.it/fxEW
12/10/2023,The Marvels,2023,https://boxd.it/mwU4
12/12/2023,Khushi,2001,https://boxd.it/2PAi
12/12/2023,Sapta Sagaradaache Ello – Side A,2023,https://boxd.it/IhOY
12/13/2023,Animal,2023,https://boxd.it/toAu
12/13/2023,Bujjigaadu: Made in Chennai,2008,https://boxd.it/3Tvy
12/14/2023,Nenu Local,2017,https://boxd.it/fBb0
12/15/2023,Love Story,2021,https://boxd.it/oIb0
12/17/2023,Dharma Chakram,1996,https://boxd.it/2PD2
12/17/2023,Nuvvu Naaku Nachav,2001,https://boxd.it/2SGe
12/18/2023,Vadhandhi,2022,https://boxd.it/F6iQ
12/18/2023,Desamuduru,2007,https://boxd.it/3Tsu
12/18/2023,Jigarthanda DoubleX,2023,https://boxd.it/C4xI
12/18/2023,Leo(Tamil),2023,https://boxd.it/zOWS
12/19/2023,Goodachari,2018,https://boxd.it/jGLg
12/19/2023,Gabbar Singh,2012,https://boxd.it/3KKu
12/19/2023,Mr. Perfect,2011,https://boxd.it/8ZA
12/19/2023,Gentleman,2016,https://boxd.it/e23e
12/20/2023,K.G.F: Chapter 1,2018,https://boxd.it/kGf2
12/20/2023,K.G.F: Chapter 2,2022,https://boxd.it/lCgM
12/20/2023,Orange,2010,https://boxd.it/m0c
12/20/2023,Rachcha,2012,https://boxd.it/40ja
12/20/2023,Khaidi No. 150,2017,https://boxd.it/exjs
12/20/2023,Naayak,2013,https://boxd.it/5yZG
12/20/2023,Chirutha,2007,https://boxd.it/2YwO
12/20/2023,Govindudu Andarivaadele,2014,https://boxd.it/9m0E
12/20/2023,Jai Lava Kusa,2017,https://boxd.it/3tnS
12/20/2023,Ramayya Vasthavayya,2013,https://boxd.it/6HMy
12/20/2023,Rabhasa,2014,https://boxd.it/9QGK
12/20/2023,Power,2014,https://boxd.it/9aJ8
12/20/2023,Cameraman Ganga Tho Rambabu,2012,https://boxd.it/4sf6
12/20/2023,Doosukeltha,2013,https://boxd.it/75H8
12/20/2023,Tadakha,2013,https://boxd.it/68w6
